,p_prism,p_gpm,p_dmet,p_chirps,p_psn,aet_modis,aet_gldas,aet_tc,aet_fldas,sm_smos,sm_smap,sm_tc,sm_gldas,r_tc,r_gldas,r_fldas,r_ecmwf
2001-01-31,0.3377064328846489,0.44895595020429496,0.34933790864498815,0.38718875301612027,0.3294756504353431,0.07684540386175233,0.05315995026254788,0.0970680201959302,0.10564899812646249,,,0.5384565376758964,1.3030381834434261,0.00041052253912941166,0.00010367136739575117,8.672168270475601e-05,8.780543973765186e-06
2001-02-28,0.37617572457051107,0.5754271518978836,0.3984015133559713,0.4164310689302499,0.43071334760717767,0.06472612778652412,0.09321545180295868,0.13264219634541963,0.14814479871329164,,,0.7404468005779576,1.5315222208282393,0.00030838702474509803,0.00026093699935214864,0.00013516501443974082,5.6203580625337715e-06
2001-03-31,0.15481201183377347,0.2077625638821264,0.13617378109254302,0.19552845533450344,0.2038045398594067,0.12216269059360557,0.22297325613434307,0.19130950184960072,0.262982533348176,,,0.7065215589038683,1.7195136939917197,0.00013916077481568626,0.0006599578345532408,5.793691302912889e-06,3.931279773345648e-06
2001-04-30,0.13543961862910353,0.19572331144042285,0.12431233540973732,0.14024128836126898,0.18552873529232122,0.09419954510020465,0.30867940372825103,0.19801934332441348,0.27473889728310513,,,0.646247851586259,1.6200523567410823,0.00028942666102745095,0.00064176884981186,2.5268673308764357e-05,4.2804770777653244e-06
2001-05-31,9.123485020716229e-07,0.004305512688479418,0.0,0.02765706830847971,0.00951718642082981,0.09487270910556096,0.3786087255277451,0.11026381476682626,0.27973513191726623,,,0.434323720896753,1.3679718723309855,0.0,0.0003913601903523537,6.373070122129324e-07,1.7562997953377517e-07
2001-06-30,0.011233233913622461,0.02236234063014709,0.013341183289812281,0.020192298688772373,0.04157904454485335,0.06789462505765632,0.20872710506117614,0.07152066205472786,0.11032195660277855,,,0.29803434764408476,1.0756588253537522,0.0,0.00025121419285651796,9.512504461098313e-09,9.87588537047891e-08
2001-07-31,0.0,0.0009160190418083112,0.0,0.002749028744129359,0.0012995360947343924,0.1921913937276179,0.09007698586857195,0.03343675711578901,0.04090200280078594,,,0.21341278668559063,0.9129393791564886,0.0,0.00019750412972986193,2.5108662271312734e-08,2.2967574711593928e-07
2001-08-31,0.0,0.000432147905849248,0.0,0.0058553733841168925,0.0010776629425937713,0.12397350079805651,0.03388690020064724,0.022898876986267466,0.016778283417871596,,,0.16993026912135528,0.8269992757255601,0.0,0.00016240293536246624,9.513129608895418e-09,5.037372196071288e-08
2001-09-30,0.023306558845228132,0.02853582619127507,0.025495459123659983,0.03240005695602473,0.03285696684244185,0.0710009412406851,0.032649519595178006,0.04716917775259099,0.021011822521975868,,,0.1422371447928471,0.7992091923414164,0.0,0.0001360206522451724,9.513601971867085e-09,4.359319289244858e-08
2001-10-31,0.08196174055909512,0.1051557290981377,0.11307821879788217,0.10538445199049572,0.08557967604714006,0.034092280225274066,0.03947495468948327,0.09292447389537681,0.026834100991453936,,,0.1284380848935153,0.8018335257841871,0.0,0.00012791294088922175,1.8762304635699283e-05,2.590681986067809e-07
2001-11-30,0.35349988956764256,0.5337512559758973,0.4334469464889606,0.35387356928338215,0.502991962725067,0.04433254700063548,0.038988278819433356,0.1507961434566149,0.09661260459204714,,,0.5138933558524988,0.9520085397524491,0.00030838702474509803,0.0001386698554229984,0.00013296743168628785,5.156651142558397e-06
2001-12-31,0.5381490343550237,0.8103483857588103,0.6039141075373012,0.5455117600899223,0.7705726020010029,0.03886636707947325,0.0386286424691237,0.09374586653761412,0.09434521251856477,,,0.8688730486422588,1.3856102449741199,0.0002455281148,0.00015500610909833563,5.034915978910107e-05,1.2795079601858876e-05
2002-01-31,0.22907180166007682,0.35608191166838116,0.2842079706186857,0.34899787647970454,0.3149225984477256,0.044151312366426824,0.0656946779718305,0.08028888130091097,0.14014998159820058,,,0.9326762962365742,1.8195273147616429,0.00010159078649411762,0.00013110185310494333,5.503735816913331e-05,2.718804316477448e-06
2002-02-28,0.08455521686149466,0.16367651288523768,0.08436222452080067,0.12516021919086084,0.21507513623001878,0.0806320620865904,0.1142809619602226,0.11782292256457769,0.17828933495791713,,,0.9080525073974212,1.7934536188252075,0.0,0.0001410431628257128,4.831896492434332e-07,9.590839175179893e-07
2002-03-31,0.21990083988916106,0.2908493642026686,0.2102585868014257,0.2261424574856141,0.2920877500582519,0.12292678370277063,0.23771815748607292,0.21382555974744738,0.253896101048695,,,0.8852559201207718,1.8601317993744293,0.00010159078649411762,0.00015164803425661647,3.988477549415157e-05,4.447237332648389e-06
2002-04-30,0.022245119748302247,0.08055561338956786,0.031303479022599605,0.06254132701118399,0.09126090903359407,0.10679630186367782,0.30858736150855204,0.19478302330149808,0.2785344944788418,,,0.7288827280251484,1.706949217303811,0.00010159078649411762,0.00011559832214772462,8.236692425797149e-06,9.436422809769125e-07
2002-05-31,0.09145050383123776,0.11003652959932536,0.10219197641796979,0.07906747116789374,0.09004022602208676,0.12585274196970775,0.3336795873567678,0.2522323853951667,0.26123035223892016,,,0.546782848684273,1.474728978117465,0.0,9.964469841789911e-05,6.81166238832836e-07,2.848081576200092e-07
2002-06-30,0.0,0.002539353156380667,0.0,0.011206989435544512,0.0028876016572952274,0.19462839122616712,0.26841664388034064,0.11601411713161099,0.16930603231103888,,,0.3549627842740705,1.1910648290561836,0.0,8.411196690294278e-05,1.4788190251368656e-07,2.761657405904695e-08
2002-07-31,2.54607320043826e-05,0.0008515479374983267,0.0,0.0027128252844832,0.00026786477759773494,0.17183740550791798,0.09664178991507998,0.056425638332631756,0.04778382763356189,,,0.2425986610163953,0.9545247174432349,0.0,7.904414385132686e-05,9.51248033176955e-09,2.9705465285918294e-08
2002-08-31,0.0,0.00041968374861712143,0.0,0.005851543688122647,0.0,0.10969587864936776,0.037721771745995586,0.03427044614723331,0.018363410245514935,,,0.18814674941711057,0.8423680146712708,0.0,7.332081686774694e-05,9.522613242427375e-09,1.6176078652868085e-08
2002-09-30,0.0,0.00029759340742055874,0.0,0.010621016728375501,0.0,0.058744988758475794,0.014978463473290567,0.023567083487001574,0.00734108619328388,,,0.15483598850770824,0.7977845194344416,0.0,6.666306813384318e-05,3.304206068765355e-07,2.7449807377422558e-08
2002-10-31,0.0,0.0051734470801433514,0.0,0.026750639351433528,0.0016085303250867918,0.026277750849408824,0.007303643927742291,0.01712540483220353,0.014664783241504309,,,0.13225152578620236,0.7811303599005639,0.0,6.516074569882369e-05,1.433407762708913e-06,4.333653037922055e-08
2002-11-30,0.18812328592718058,0.3229848182759176,0.22576663107253836,0.18446651683851364,0.3304487792407329,0.029488269413640758,0.07222630221303003,0.1498196485453274,0.07098070645209942,,,0.29078338997187764,0.918501709314292,0.00030838702474509803,0.0002768060461059615,0.0001125662221432735,2.1891231234409297e-05
2002-12-31,0.6912164540675713,1.1617356904830336,0.8297872980382316,0.8192129969204403,1.0850166554864504,0.03483392266503881,0.06150569186752049,0.11225140118139411,0.07721902329134228,,,0.8717254977861271,1.314901772483504,0.00030722760381176467,0.0001116491862132816,0.00010322656552480341,5.325019976836092e-06
2003-01-31,0.2104874556721712,0.35170815594021415,0.26318838809400413,0.31085796954676387,0.29906039041836163,0.03431280842107541,0.07422074658800377,0.10046293429231849,0.12802420118630398,,,0.9215018526852519,1.8275545482877615,0.0,8.247471672500522e-05,7.978385970606683e-06,4.34764939104342e-07
2003-02-28,0.15283786036931948,0.19226390434183838,0.16631607216539673,0.22259363754958714,0.1684515623800159,0.08147592539051525,0.1449390444982402,0.12422752902723017,0.19683901041286458,,,0.9245823572196894,1.8259583411685782,0.00030838702474509803,0.00017163839579044268,5.682794617551947e-05,2.497861754470479e-06
2003-03-31,0.174654225053855,0.2679087884800654,0.21449901266550495,0.22449741312428143,0.2957510545937046,0.13210942431568495,0.27280121009622293,0.2206049759756137,0.2645805042222564,,,0.8946033847043012,1.811063796052028,0.00010159078649411762,0.0002362856119043592,3.579263515150603e-05,1.8857009889382942e-06
2003-04-30,0.31173922263522713,0.5306280465642212,0.34922911324537614,0.28342842812259905,0.5415978617188806,0.11047533086340858,0.2625968141278194,0.25802694166955564,0.2657437413553814,,,0.8819974659505695,1.9236307729741369,0.00030838702474509803,0.0002553596792625488,4.068938962435628e-05,2.8261460491400137e-06
2003-05-31,0.0809029248973651,0.12768803779118573,0.08777241059397192,0.09230356890368602,0.12773729618495913,0.1599905950965794,0.41609988638051526,0.27946044513043555,0.3246277511736187,,,0.6778191178294213,1.799048305262355,0.00010159078649411762,0.00020437836532642836,6.9337848176530835e-06,2.552046850722911e-06
2003-06-30,4.326245498843901e-06,0.002182650775581552,0.0,0.010249020154910735,0.0009322079363424944,0.137202090018107,0.35136219280119285,0.17465565370591302,0.2690639180171282,,,0.4303355339956706,1.365359565360209,0.0,0.00015202059432685346,9.577434034931804e-09,1.9554869420388166e-08
2003-07-31,4.361571357534102e-06,0.0013332167886997356,3.5622045096659065e-06,0.002746341802776085,0.0011059229035558296,0.12124606452942102,0.15223673749213404,0.07800148419615766,0.09609091140595515,,,0.27942280877236714,1.0557788948381908,0.0,0.00012466663413700135,3.0233898870410016e-08,2.3903484522174384e-07
2003-08-31,0.0417683352635365,0.06151170569316056,0.04795223892345832,0.023217747352124812,0.07457533356342477,0.15514833526297195,0.09957217921616217,0.08284314526629141,0.04088670449725257,,,0.20995635803798593,0.9210011437692927,0.0,0.00010538816422561797,1.1437876297634793e-08,1.392470999325023e-07
2003-09-30,2.30228075054934e-06,0.000981156336073993,0.0,0.011439995118127683,0.002735719544522237,0.07536572903522415,0.04077159120845339,0.028949743321019204,0.016682223726323067,,,0.16886675261439998,0.8586975267383722,0.0,8.951308013063262e-05,8.870253555830198e-07,2.166727210587146e-08
2003-10-31,0.004859651450283523,0.01517813537240436,0.014512665377942446,0.03185414107003931,0.0031278777483757865,0.027178692236981394,0.014891030750215965,0.026484743473080784,0.010988062931207639,,,0.14197126566610827,0.8226395725479771,0.0,8.340108185874367e-05,2.682328393410396e-07,4.187721529310825e-08
2003-11-30,0.21060626779173455,0.28050688038912797,0.23980323888088306,0.2274002301685049,0.26584548416772963,0.04254587618256579,0.03483682511738102,0.11892418602614423,0.0596788908847263,,,0.3102877933483671,0.864606448890135,0.00010520545175686272,7.601331824473186e-05,2.221142261995106e-05,1.2615153358066783e-06
2003-12-31,0.5210457796560335,0.8327394813862787,0.6155100604318773,0.5755104291665261,0.7834083087065344,0.04020560931254454,0.053476203209910304,0.09161404738784241,0.1023347379900764,,,0.8383131024974307,1.2940308639259532,0.0002455281148,0.00012206274289726257,5.819611355441238e-05,1.8091789326815277e-05
2004-01-31,0.23520750717892028,0.3328309227071144,0.21871100118755446,0.276793412714854,0.2844594867567101,0.05148398981103211,0.07004692012497098,0.08200206461174273,0.10782516547419713,,,0.8928290473345506,1.696223645461104,0.00010159078649411762,7.810468747381757e-05,3.753101265954591e-05,2.194447952973609e-06
2004-02-29,0.45570598985021127,0.7363732851700359,0.5348306632892125,0.5511382694389694,0.6442503888462757,0.072508155076103,0.10977169779883313,0.13007178562161018,0.18277581326343353,,,0.9855937626858917,1.87776055492548,0.00034711890129411757,0.00025029789610568707,0.00014052079805431362,2.372757758992279e-05
2004-03-31,0.08844385946776308,0.10539772653207763,0.08323602620853411,0.1028751053550505,0.10023002734963277,0.13343663854953966,0.3040056843282901,0.21412261244791453,0.30154171349748676,,,0.8748339925799155,1.8567921157838807,0.00010159078649411762,0.00023289531699252432,4.000969930075961e-05,1.1028150954405466e-06
2004-04-30,0.019253157673792484,0.057886923200552866,0.020448358669068658,0.03710554863813399,0.08427989756497299,0.1167670983990478,0.3654583412831336,0.22949638981762857,0.2979923456371748,,,0.690057077887699,1.6029327779898561,0.0,0.00020246018491762918,2.7232310548576304e-06,1.0021995795708077e-07
2004-05-31,0.00806594234417573,0.03853575258821214,0.0052381943654601455,0.034945930324476675,0.04590746497273829,0.09271060097005406,0.3022829712217275,0.22396635679934318,0.21677221223944151,,,0.48627267536896,1.3205660687957093,0.0,0.00015408981263396305,1.0255629517660953e-08,3.0344733052393966e-08
2004-06-30,6.482859014398934e-05,0.005579854939134964,0.0,0.012416610917638734,0.00489423496769674,0.21371391147967347,0.1747811753150263,0.118907613868651,0.11868836110967088,,,0.31962751510889414,1.0933108440898023,0.0,0.00011996230879855562,9.536283466418457e-09,3.385890372266956e-08
2004-07-31,0.0,0.0006340920162734582,0.0,0.0026943163088916458,0.00022501593688761823,0.18950992365389174,0.07170059084854796,0.05740694773998981,0.04501028934436207,,,0.22808170521539767,0.911695988359737,0.0,0.00010661257753782194,4.0620095149034735e-08,3.3250987970127776e-08
2004-08-31,0.0,0.0004941271133764108,0.0,0.008331446652415307,0.0015661797085418704,0.12141168057709291,0.0341647302723152,0.03478234707149253,0.02197987571764203,,,0.18006785085680943,0.820720489929482,0.0,9.507127259430176e-05,9.5487385194931e-09,1.2245151713782666e-08
2004-09-30,0.005058240110704668,0.009179865319800425,1.1051372608026688e-05,0.01717916701511798,0.019099189877765304,0.0560294702702938,0.020923559873271682,0.028060402753151765,0.018405492060764115,,,0.14970454362112,0.7885913568607015,0.0,8.395790836803366e-05,9.894549753592235e-09,5.710533501120175e-09
2004-10-31,0.2850969922437075,0.3675976790876244,0.2767374172805067,0.2665175220439698,0.3915824444657441,0.05688641877319969,0.05759621791076618,0.25710424430369927,0.053892251104221765,,,0.31168576141552945,0.8625184112708644,0.0002946107640705882,0.0002718912757582935,0.00011012728310977712,7.809832880103589e-06
2004-11-30,0.1709867536586701,0.18521300804221932,0.2240436982124089,0.11861815838241868,0.14424116403925946,0.03685793965250255,0.08116274045560226,0.11492352895111808,0.0857311679556493,,,0.41167865115949176,1.1190367053484849,0.00012238327189803918,7.182252121312036e-05,8.606882873689269e-06,1.6958547192274354e-06
2004-12-31,0.3654956830042886,0.6132789600956007,0.3922476306958671,0.44439081709511824,0.544588160369475,0.041816272768503415,0.06828247404859346,0.08245660929093805,0.07656081527996064,,,0.7738072220527435,1.3238504082399034,0.00045232435305098026,0.000236584666131377,3.805761705882922e-05,1.3483863695719195e-05
2005-01-31,0.35340768755311125,0.4828480827412787,0.3760914980092643,0.33336980158404117,0.43913744176087083,0.0302640897531754,0.0759828870448156,0.05445434600455412,0.1015094843969211,,,0.9484467776042165,1.7294746682308488,0.0005912199810274509,0.004701522031540344,9.553290524557316e-05,6.0105479320136704e-05
2005-02-28,0.19511186665066887,0.26535250190158166,0.2088147471311922,0.2772473287369152,0.2856195847503213,0.0933988700284974,0.11708390065938844,0.12235314925869412,0.16925445685016635,,,0.9639322453823248,1.7956307546137307,0.0004324201580392157,0.004234126373454307,2.3336418504513144e-05,1.1429937785647897e-05
2005-03-31,0.23892731069751635,0.430977789470543,0.2573135484590133,0.2675839961460294,0.4394804662136582,0.14133160090907365,0.2631135819855312,0.23039503485486443,0.25576542205042935,,,0.9475771415684519,1.836338387106895,0.0002407515613098039,0.004322567093163544,0.00013209586405894656,3.132437523125597e-05
2005-04-30,0.0973793795705021,0.17961543066682786,0.10395783559217346,0.13126980601278382,0.1924121321531236,0.12403293954971517,0.3519511287121375,0.2343802659166137,0.3196846357935222,,,0.8572217143826071,1.864001618276364,0.00010520545175686272,0.0018715793706068314,1.5089509227229854e-05,3.837778360198292e-06
2005-05-31,0.1954219805025716,0.3609696624785856,0.22243536414691847,0.16253336484711137,0.3317302158024607,0.16791647781547434,0.38525188141214384,0.2955798857923138,0.2884189182756512,,,0.7252292152789835,1.7971579134432576,0.00020318157298823523,0.0008917918583350294,1.2827799191035513e-05,7.773902026546001e-06
2005-06-30,0.07247592160962069,0.12885779599644892,0.09489024841423735,0.028112924964593233,0.10792764761868077,0.1834888154259659,0.3935983722224825,0.2346672849855989,0.24006295424456103,,,0.5123896593998306,1.5402984980799792,0.0,0.0004992797504569201,1.302380378554511e-08,2.20144759656635e-07
2005-07-31,4.244487510246465e-07,0.0004512739040730769,0.0,0.0026977586703075904,9.178695611878934e-05,0.14809906670836606,0.2838377932791773,0.09488475609608311,0.09264724423600147,,,0.3232359064853083,1.2024845662857175,0.0,0.00036049812658323635,9.51248033176955e-09,1.3709020415778254e-07
2005-08-31,0.0,0.000490453695669257,0.0,0.005890326559658296,0.00015569306040429302,0.11838309599212607,0.07603840174414733,0.0489445653759149,0.026492812237979505,,,0.22906548024380236,0.9674818826927711,0.0,0.0002814922455987267,1.3898627361722302e-07,2.958527508861878e-07
2005-09-30,0.0023329421523209442,0.010606582352122244,0.002019029661097865,0.014536183277557648,0.018221559194919693,0.08023553679486985,0.03691264509696304,0.03357721204006078,0.01506711454120854,,,0.18027677178458357,0.8745560046637151,3.614665262745098e-06,0.00022773989223106407,9.385224705596228e-07,1.2479316444022982e-07
2005-10-31,0.062429823200123316,0.08501108288585935,0.06797175085745849,0.08530227026591293,0.07991474067996268,0.03631333681067665,0.06070881993013749,0.05841516138538471,0.040878037316621006,,,0.1552538303632565,0.8724285808121967,0.00010159078649411762,0.00020443475285133284,5.920524320285081e-06,2.297931886757121e-07
2005-11-30,0.1934683481215955,0.3098866284834242,0.21842891676815865,0.21662580993049846,0.2944185534075372,0.039064501312884636,0.08094377683374011,0.13106152417385614,0.0707023027633323,,,0.27178110912512005,1.0038721124042493,0.0,0.00017371768342665144,7.762698954895806e-06,3.922985542222565e-07
2005-12-31,0.7961102242723255,1.3457561901721413,0.8941835379074206,0.903997530476709,1.2001676043193077,0.02685901070539489,0.06993437198234662,0.0908704490544996,0.08406462593213376,,,0.8993199687679999,1.347062342567834,0.0002978158338823529,0.0002051677905406538,2.7296442726473664e-05,6.610309890883109e-06
2006-01-31,0.269603018987773,0.537934221995753,0.2370630044780664,0.41164405097253604,0.5559698823687341,0.04982033374276389,0.10235012999478256,0.09549376808454631,0.1334694234765979,,,0.9727632147636707,1.991239257893953,0.000400360943717647,0.00026585076796205895,0.00012836190063928506,3.718137564347445e-05
2006-02-28,0.2288657433952131,0.3672158155752914,0.2384638790262929,0.22707047753708415,0.2775999807205959,0.0743105976357637,0.1558320898443688,0.1519521230722443,0.1960722649510175,,,0.9784302893152377,1.9140829999865443,0.00010159078649411762,0.0002588657687219181,4.6498083872263915e-06,2.5204335194889233e-06
2006-03-31,0.5184775107179957,0.7993432335141436,0.5751563120182961,0.6078008552241269,0.6978326510846987,0.08891744676261912,0.18060828746631433,0.19858668403556312,0.20856931692794745,,,0.9865850579425883,2.039805902977305,0.00034711890129411757,0.0003837468781929984,7.416825757439469e-05,3.241890715209059e-05
2006-04-30,0.3917414555171439,0.6355618051435638,0.37762860917300806,0.3655954532104585,0.6561539628702843,0.12991817841018105,0.26214388304678415,0.3092478056177227,0.29637892674940536,,,0.9835658282080378,2.0682988998921283,0.0004970404669019607,0.001993609891621818,0.00025187919258657044,6.358345314770236e-05
2006-05-31,0.04190806385591939,0.06751417399468235,0.047992323280554756,0.04675165112144354,0.05814764145786065,0.17105203060358135,0.40211277709953075,0.3374933465494238,0.37105907793258097,,,0.7127249309045459,1.6898437825280725,2.0392168180392156e-05,0.0012096822077485362,1.7702893419238656e-06,2.5659519542453334e-06
2006-06-30,0.001134323340048267,0.011651471477405,0.0,0.011794517924248462,0.005290658761467212,0.17186417841986357,0.3291926294341335,0.27787834937779415,0.3086978477347403,,,0.4475188012923482,1.3637198292242663,0.0,0.0005826143769419389,1.0530551320019384e-07,1.0873551568134158e-06
2006-07-31,0.0,0.0005536419252805975,0.0,0.0029830508284700475,0.0002112403487345182,0.14891198144111284,0.16196328185878314,0.12091144051951963,0.14090094707777795,,,0.28499100738258826,1.0617789589612692,0.0,0.0003583282161141182,5.046579742381768e-08,6.992370879180291e-07
2006-08-31,2.3682781880389816e-06,0.0005120926587643453,0.0,0.0059475205284418,0.000346340257488736,0.1689680263258469,0.054575792415187216,0.05786858066077804,0.03332678769200154,,,0.2125201447755294,0.8982934511574097,0.0,0.00026194895577634947,9.441685098284679e-09,3.8137224525119744e-07
2006-09-30,0.0002459723401122227,0.00035668056831830583,0.0,0.010891156596957396,7.171439620239859e-05,0.08123076498065171,0.019636659878238098,0.035361484268594534,0.013451707439476244,,,0.17110770202624004,0.8302618303910305,0.0,0.00020361210024769278,9.488912637421441e-09,2.4348023431394615e-07
2006-10-31,0.005398001120042531,0.016591832547593898,0.0026670849973102688,0.03284677627593084,0.028359584440865122,0.03340028480597459,0.030051071019703106,0.03473813379432901,0.02739224609560445,,,0.14392355267162354,0.8196687308774926,8.515997250196077e-05,0.00017864655171941578,1.8390956586210032e-05,5.868315575999372e-07
2006-11-30,0.16265145150496046,0.27696774298874555,0.17075253246884953,0.23775649259103307,0.28439146274420096,0.04216390159907559,0.06777505811153774,0.1208601921198443,0.07473262167624864,,,0.22886043072752943,0.9490163307273628,0.0,0.0001486675543046351,6.684844089556435e-06,3.6457928940525234e-07
2006-12-31,0.27655310924436516,0.47688249773339575,0.2895049067156923,0.38066872286989045,0.39949312214655275,0.03721230834941832,0.07193484192706188,0.09637554504581416,0.10036386775916001,,,0.4483996063731953,1.1571266122892117,0.00012238327189803918,0.0001448775109487469,5.399650382792466e-05,3.071306746486355e-06
2007-01-31,0.0030161020153434996,0.05455843368668475,0.0,0.04106096338684024,0.059279059255626536,0.037618838024004134,0.10795998377062704,0.028064601118113354,0.0822158014283884,,,0.42883868998716235,1.3647407597203847,0.00010159078649411762,0.00012668953432852856,3.602308288574743e-06,2.1027605805976717e-06
2007-02-28,0.36941984762154767,0.7015637875432479,0.4301804257606266,0.4526348428998661,0.5709578141192492,0.06841591802902967,0.11458008644393093,0.13050014069123647,0.12182636630069521,,,0.653619132911134,1.5347699660660596,0.00020318157298823523,0.00012787367105586702,5.802991134063234e-05,8.668943531138524e-06
2007-03-31,0.014462881079919259,0.06212936953530904,0.021711851922965285,0.07295398345332992,0.06828194768861894,0.11213563997679044,0.26240898613030267,0.09998869574213722,0.24299121584564418,,,0.5549221316656189,1.6151829279508587,0.00010159078649411762,0.00010603863370219828,4.372449683243234e-05,1.6211621303778066e-06
2007-04-30,0.1314481838561027,0.19169680760246113,0.15681546968999707,0.13552734938124988,0.16445046923244608,0.09468549967577734,0.3339549680979996,0.17087363181220627,0.2608777578048354,,,0.49923240274040476,1.456729283570533,0.00010159078649411762,0.00011012773157485945,4.1365087357445836e-05,8.161400050637768e-07
2007-05-31,0.038588281509356274,0.05139967489840799,0.04733470605051008,0.04049008153061038,0.05332093277930775,0.12087745862963713,0.33524360402817044,0.07847045847170904,0.22250517798399147,,,0.3674401913627106,1.264495788458185,0.0,8.20518104177138e-05,9.664846107313211e-09,1.4688794930588966e-07
2007-06-30,0.00622031229582858,0.026485826835337924,0.00925298397021415,0.02057142111662098,0.018826255225192927,0.16965820395182118,0.18127221510448555,0.03901680168794156,0.09352500925928013,,,0.2580918716175059,1.0208061775084172,0.0,7.354938768418666e-05,1.0015384841171788e-08,6.507981880085141e-08
2007-07-31,0.011425127356407062,0.01689354367848564,0.007781564985301271,0.0032406362869559038,0.009291624736883134,0.16887412442144825,0.07831918637222482,0.035946330674008264,0.03209598508090851,,,0.19120059926046115,0.8697824512656471,0.0,7.157884651878748e-05,2.2727514128574364e-08,6.347963718853744e-08
2007-08-31,0.0,0.00047801667922571896,0.0,0.0058569956742331826,0.0002399029065186019,0.13755398027132557,0.02884459504955528,0.016135609831263532,0.014351127495028131,,,0.15473346374957178,0.8019313052816246,0.0,6.797407681501988e-05,9.441589235352832e-09,5.645185388911004e-08
2007-09-30,0.029964133290576064,0.04813413035325892,0.03691726859644746,0.029656116698948017,0.040013515643052146,0.08257749309578279,0.028755085446852843,0.04156464037576512,0.01991999923005146,,,0.13110826780069648,0.7848032573286512,3.614665262745098e-06,6.309555492891377e-05,3.2734748036315358e-06,4.2123266787856227e-07
2007-10-31,0.11963882309121965,0.16458002290930648,0.14018573626879816,0.11547311544618925,0.20651008576696459,0.042727052217128,0.09512998314142919,0.11387050997629802,0.059139640649924365,,,0.12719230214987295,0.8805155487311824,0.00010159078649411762,6.286899839098433e-05,2.8358719214164446e-05,3.8885392640525216e-07
2007-11-30,0.06265351925391217,0.0682637245395264,0.04485418321825839,0.07283709469457236,0.06515290863994239,0.04008689378183815,0.06363300077890453,0.04997678858292272,0.05495176216973913,,,0.11986547441061647,0.9112705778175226,0.0,5.826335083676548e-05,4.0916688864702246e-06,7.140074999846664e-08
2007-12-31,0.28952863281976426,0.4227089530965459,0.34616286749973435,0.3180597892819337,0.38468289954766055,0.028398511811378178,0.06201094587638038,0.08001350237118472,0.057129349644596344,,,0.3657909394359718,1.0297882618054284,0.00020318157298823523,6.31579831123392e-05,6.136935755481268e-05,2.9488001986422955e-06
2008-01-31,0.5898925100932589,0.7652098116243817,0.5999548667139866,0.6189980109376515,0.6371068165189353,0.033324462031568365,0.07545935091144207,0.08618183550671371,0.10674855042481672,,,0.8205438771862589,1.438744803228086,0.0004463883786274509,0.0004493184515103816,5.295195155679686e-05,2.2791872585730226e-05
2008-02-29,0.2310394299314127,0.3283084486993556,0.22597335573937496,0.25503959742543236,0.2323165217962749,0.07196163085209281,0.13572557152006937,0.1323291499780083,0.15772950897314644,,,0.8665181828324896,1.6831408633123384,0.00018783587453333328,0.00010911779280586034,4.710068636621568e-05,3.346591911227505e-05
2008-03-31,0.016547596229815113,0.04585731768299487,0.007608321759503524,0.07443848496429432,0.1217575984669571,0.0661370279108526,0.2734642383247951,0.13689312004610077,0.24786693078469452,,,0.7624015194834823,1.6524988084409282,0.0,0.00010878349455331443,6.82247582094792e-06,6.032923942495795e-07
2008-04-30,0.014427675105892964,0.03207644761511464,0.013543868582057236,0.04838016132588503,0.07407508343459196,0.10770337748405366,0.3298410496166107,0.16524486580872938,0.2697799877540116,,,0.6004749466395106,1.474959981905066,0.0,0.00010988607066670953,1.0127170718951307e-06,7.646991176090988e-08
2008-05-31,0.006862445150925992,0.016470390188968606,0.004790935471940744,0.024710032540656124,0.044321530680262775,0.07590795445473428,0.2792617854567678,0.13407747981037416,0.19113648006271705,,,0.41985233165492714,1.2237474098861305,0.0,8.789093364120337e-05,1.4825116271419682e-07,3.9711815816795127e-07
2008-06-30,0.0,0.003909667059336174,0.0,0.0113292773612998,0.007527785303014274,0.14362721406228393,0.1464240679892343,0.0620408435076812,0.08464850901627863,,,0.2820246418407906,1.0201452918302323,0.0,7.434183282252818e-05,9.467509402156549e-09,3.5735177813324274e-08
2008-07-31,0.0,0.0004722757797559306,0.0,0.002704627842140855,0.0047567014603970646,0.1580753096760171,0.06131809825837464,0.03690390186484508,0.030387278066272616,,,0.20832690835817413,0.8682151437773835,0.0,6.968483179657471e-05,9.441584302774459e-09,6.432873362700144e-08
2008-08-31,0.0014281446381530596,0.000984674762544779,0.0,0.006038848386180998,0.0031854553991218447,0.10833519841849017,0.03352214085769572,0.025373419235646275,0.01485469543082564,,,0.16751457370112,0.8014293685108165,0.0,6.482946937633467e-05,9.442139607838429e-09,1.9236512745127957e-08
2008-09-30,0.0001247969642344589,0.0003750848287101137,0.0,0.010787630840555684,0.01053378974462491,0.06138021866382003,0.014477455128421036,0.018158089884887065,0.0057994967492876566,,,0.1408849658795671,0.7757853125875807,0.0,5.9289401903733215e-05,9.54208749284216e-09,2.2753585871528177e-08
2008-10-31,0.07731853021190505,0.1053402627609846,0.1490396968601569,0.11963797013350681,0.08445022607181363,0.04571112811118433,0.04151300125042983,0.07320446992596155,0.03475448935338227,,,0.12497026460611765,0.7875121664923448,0.0,5.984924723965962e-05,9.088288724014614e-07,1.1734344182668947e-07
2008-11-30,0.15423446569064742,0.225997829198269,0.15678689499794932,0.19339500933036383,0.2650041607143512,0.03469246668212909,0.07182326889944102,0.12894617056840196,0.08202711198170745,,,0.24415998345216,0.956086790159941,0.00020679623825098034,7.702426438211608e-05,6.672196353728231e-05,2.2129538425319336e-06
2008-12-31,0.1689838219761014,0.3013845059484159,0.21206922503437692,0.20418795225994413,0.2402012414830881,0.03582993263306504,0.04794445222757399,0.07444828907281925,0.045179778791149,,,0.36397214848060244,1.0351406726393149,0.00020318157298823523,7.431968041917426e-05,5.212195852466751e-05,8.428182658148746e-06
2009-01-31,0.08954336605173727,0.17320439020881362,0.1308374934397839,0.11462027075746169,0.19435616914333487,0.04931831086704616,0.0874805082511994,0.08716064493188667,0.08073141208826899,,,0.40135858059264007,1.2461542007819282,0.00010159078649411762,6.638515938686683e-05,2.8988775792198694e-06,5.6020517190560405e-06
2009-02-28,0.4292283410894054,0.7731276973463369,0.5618851265705791,0.5719627227280849,0.453897844118749,0.06022557838601834,0.09406703706343938,0.14794565236136595,0.13151291298761775,,,0.7109724864355388,1.3588145766685642,0.00020679623825098034,9.191961562242328e-05,4.673750593579452e-05,1.809844799614163e-05
2009-03-31,0.15606644486711457,0.2800980694862939,0.1507630504283201,0.21051558744624116,0.2840796942475093,0.10845635408353968,0.2382070671597786,0.190513831404222,0.23903950437143442,,,0.7006305229679435,1.6528329229123824,3.756998832156862e-05,7.596901354095849e-05,1.0575158586939866e-05,4.268824492311945e-06
2009-04-30,0.03420531806939547,0.05711222298041201,0.03509263098156378,0.0636000390032081,0.13250894056490434,0.09121700664448175,0.3352979556389355,0.14828017519205844,0.2805325053007154,,,0.5692912187440188,1.488719574769255,0.0,7.629424853090702e-05,4.068479186265667e-06,7.045201924504018e-07
2009-05-31,0.12058062787038423,0.16962990777324663,0.1262840162225501,0.10477709023850995,0.12646936278480822,0.12578513428013152,0.33616249762969086,0.14286665223597925,0.2438734817644835,,,0.43853609177690356,1.369071763407577,3.614665262745098e-06,6.837281674558748e-05,5.283167690698496e-06,2.74844325959215e-07
2009-06-30,0.02736401097569543,0.05345907169382223,0.033632296105024634,0.037682415168309294,0.07255340122952603,0.17190606795497626,0.2553652860288903,0.07954461925154314,0.1272028936229907,,,0.3223129610673694,1.1553973250523253,0.0,6.114716673062727e-05,5.204954464300718e-07,2.1200292175330367e-07
2009-07-31,0.0,0.0005660251429264369,0.0,0.0026905379712036997,0.0021893231311750786,0.16612058738502558,0.10190432845570076,0.028199695224787047,0.046305198448164844,,,0.22312500633720472,0.9402041853575951,0.0,5.516103313430488e-05,9.441584302774459e-09,1.7820840686910292e-08
2009-08-31,9.391146211598146e-05,0.002083500819882616,0.0,0.00597757222903336,0.0049151781102805105,0.1099359147234115,0.04006162464469174,0.020100728389993716,0.017427419969382955,,,0.17409320203083295,0.8336435760935258,0.0,5.1701260161881565e-05,1.2386431175554485e-08,3.2979633797383774e-08
2009-09-30,0.017687304535919934,0.016756121378709146,0.02675177319264698,0.020348063848915094,0.02989686800646531,0.06620471491050163,0.028081992234775217,0.020471412164616083,0.019313829362465996,,,0.14429582796799997,0.7969337766144782,0.0,4.746817292186547e-05,9.442344128626006e-09,2.0389273508857276e-08
2009-10-31,0.15675320576269675,0.2058861032922903,0.16668259200537142,0.1544748160801779,0.22298405637768393,0.04640261281881312,0.08323064402053451,0.20534689250444285,0.05529010103773879,,,0.18183422280884706,0.8779751810982279,0.00010159078649411762,6.068801181927744e-05,4.360690941308379e-05,1.040557358408208e-06
2009-11-30,0.07127699390696958,0.11174488384951402,0.10598877195448739,0.1255277625911117,0.15653308676909694,0.044489172093522864,0.0735205325790329,0.06372018613031806,0.06296553896843544,,,0.18884208463390117,0.9802301938900981,0.0,4.4476616713443035e-05,6.183093203202091e-06,3.081757897103534e-07
2009-12-31,0.21952071298211404,0.32908034426591093,0.2421501665500824,0.25903714602704075,0.30530442664993834,0.02234269210184949,0.04765800983032503,0.06741846030916784,0.0620176491809047,,,0.3961546918610823,1.096573365079251,0.00030838702474509803,5.846574122728427e-05,4.0579659707674474e-05,7.984638966099422e-06
2010-01-31,0.5568634786259495,0.7960977853689644,0.5872557308115163,0.7270684237207592,0.5179993938750778,0.02701426000480347,0.07183112346938295,0.0914781572961294,0.10313114796617902,0.4229026092308954,,0.823746263536339,1.4435396710486836,0.0002938588939137255,0.0001585836918990415,4.7255610260285015e-05,7.3700137846535314e-06
2010-02-28,0.22077001821561634,0.3670148577571742,0.2297737098731315,0.3254121456046577,0.30127789653318315,0.06081877899521045,0.1127419977254559,0.12212684295247382,0.14584314683692606,0.4196009784691744,,0.8949408172971671,1.686538900928642,0.0002727173593411765,0.00013268271616971442,9.296963686343614e-05,3.343241817074944e-05
2010-03-31,0.14922468898029176,0.23441214307409203,0.13685972686105624,0.16292280042105373,0.23070415491924648,0.10629677741155345,0.24793006963030692,0.18351659275221763,0.2506140618084394,0.3221797820293825,,0.851158913470946,1.7384000961459827,0.00010159078649411762,0.00022959161595802763,4.0409045883495813e-05,4.630315326298218e-06
2010-04-30,0.30093143782153015,0.44966816122860015,0.3601776801408887,0.294688809979797,0.35340529018933536,0.11408724198307585,0.2913993594987488,0.28705472257260517,0.30290124348937925,0.23922064757408967,,0.8461345325381271,1.7355518452691747,0.0002978158338823529,0.00026162774801443073,0.0002187767914797899,6.0834185182973455e-06
2010-05-31,0.07553653423912428,0.1387180367159559,0.09845210579856477,0.07783021359167824,0.11120277512623851,0.14371778003249303,0.366916269025776,0.2384841183295227,0.3021245674323026,0.1361434643597189,,0.6827835595306165,1.6133685390320847,0.0,0.00019050805697368238,5.385774863579253e-08,4.692064623082385e-07
2010-06-30,0.000844358245732108,0.010893475992320826,0.0007959168766771458,0.013148124128208368,0.03425752436364761,0.15656186479966624,0.36407738797239836,0.1524972415751953,0.26142800661981486,0.08315208174654841,,0.4498397147774495,1.3842487894093907,0.0,0.00013968281633415083,1.3502566222656114e-08,3.79506007734467e-08
2010-07-31,0.0,0.0009450673543270209,0.0,0.0027265012492300716,0.0040969073918237925,0.21570497455304022,0.17962313506839991,0.06762907812662745,0.09927614933005736,0.05381746896386923,,0.2947526650048753,1.069453534458757,0.0,0.0001169586697653389,9.441628643457715e-09,2.583764541429632e-08
2010-08-31,0.00029528626862590425,0.001263171436251824,1.5745953633001365e-05,0.0060810175576526595,0.009447919430269501,0.17277824771666125,0.05828266352818267,0.03933147087617137,0.026274440963031564,0.039235876907372035,,0.21495110324705885,0.9010415667508033,0.0,0.0001004663441366898,9.449859003357528e-09,1.8046533481046266e-08
2010-09-30,0.010877474606962019,0.005345484909772452,0.006438261885515088,0.013289149398137629,0.01768582079009921,0.09422621455748333,0.03665828595075533,0.047304497191067836,0.012952610234780684,0.03771625406413941,,0.17201173557609414,0.8439839876998827,0.0,8.702196290622937e-05,9.564278922588312e-09,2.5411482934858283e-08
2010-10-31,0.2113238761142526,0.2763013829176006,0.21630929615482958,0.19507280472066235,0.2703608327526465,0.04543880413872698,0.05841013697124387,0.18776509184200046,0.04160263063129072,0.09782231773154745,,0.2084068724314353,0.8924281981282521,0.00010520545175686272,8.803290892529389e-05,1.4284930264952133e-05,9.534836456766314e-07
2010-11-30,0.22830559109774634,0.3653462010430678,0.2678080546383535,0.2758959070060438,0.3595675541693954,0.04949457501995279,0.07611702705795573,0.1339105283665585,0.09393918508464297,0.28074056463406755,,0.35598482822806593,1.1697095120093335,0.00013916077481568626,0.00011880737487812875,2.993449073347321e-05,6.0834447697997085e-06
2010-12-31,0.5560622493355896,0.8034831586365311,0.575972441894062,0.6424816137650766,0.6316527114444178,0.03470907638564727,0.048743146466627536,0.10595913884807646,0.09145847702122102,0.4136928829796252,,0.7141361586706071,1.5954902964860183,0.000553915139545098,0.0007757001586611304,0.00036543291812135337,0.00013828601045873468
2011-01-31,0.1372503713299731,0.11773367533792276,0.1342800023439026,0.1563038637317534,0.1866503722256477,0.05455349092597477,0.08370049468670054,0.08071697299740586,0.1250249103310441,0.3829966478876719,,0.7418823697865787,1.836282787996086,0.00010520545175686272,0.002847501325733136,2.5582131846986975e-05,5.098207038101028e-06
2011-02-28,0.36056933004364344,0.4564871472041849,0.3396312447565758,0.27891897375242153,0.2869462818583528,0.0621542633993198,0.12943251952990753,0.15087337294787762,0.1678293781437698,0.3249755302683154,,0.8025287975899859,1.8184735327444792,0.00020679623825098034,0.0017689521740300788,3.02778991050024e-05,1.4088402592589574e-05
2011-03-31,0.6612088502927967,0.8368494130228636,0.6137490777953898,0.6783428078334398,0.6339542312053243,0.10216915960530217,0.1716052821503961,0.21531432873833725,0.20334270142115818,0.4175207012858455,,0.9332041830785507,2.009820979963672,0.00037255266589019596,0.0025129122312899433,0.0001835728017742818,6.059215064045308e-05
2011-04-30,0.04351575078763227,0.10957795572202053,0.030938488075336952,0.06993993754993173,0.1563339517092714,0.09938345802277633,0.3329356952563015,0.21167683689959424,0.3357231188393342,0.25660408932024004,,0.7959025120472847,1.8877179940399555,3.614665262745098e-06,0.002299535020325568,6.6705334998570995e-06,5.223230839827014e-06
2011-05-31,0.16525768610151348,0.17184858342678525,0.21049492070765258,0.1210147422503896,0.15915254150098532,0.13961084241769092,0.3740563175140473,0.25797269886686347,0.29332752715543087,0.16319469640896067,,0.637941120230099,1.6526385400142962,7.725681880784312e-05,0.0009312318669770662,6.555877028098949e-07,4.376326731584119e-06
2011-06-30,0.13366201834862557,0.17049712228022074,0.1442807258474998,0.04007097185262525,0.11899112261093293,0.19234619284262677,0.37075713470831423,0.1966640080676165,0.2919497630473734,0.15266597219051614,,0.4618384504000754,1.5126723303216405,0.0,0.0005083732349264202,9.598675694406037e-09,2.7138038648275764e-06
2011-07-31,0.0,0.0027968231819543886,0.0,0.0026853364915027387,0.0035800093551832607,0.24786210690900057,0.2608328753672005,0.08474294598106312,0.1606635048948975,0.08714330751101343,,0.30433570520726594,1.1906708878577639,0.0,0.0003647432971246226,8.717535516190479e-09,1.2779305694079865e-06
2011-08-31,0.0,0.0020800833589360635,0.0,0.00586192654126958,0.0008039485576093585,0.19261974919538027,0.0746435200350909,0.045316609424463576,0.037457705409603165,0.04271847313246079,,0.2200141982948894,0.9677311154842454,0.0,0.0002830902259429432,8.70801962048801e-09,6.843713327253566e-07
2011-09-30,0.0011129307371634976,0.008455795726091973,0.002099610974371552,0.013653234857118376,0.011870895473082385,0.07933895704271943,0.03372836599529725,0.03208168027206549,0.01747584790869629,0.04114662546354005,,0.17468191848327527,0.8695343032844942,0.0,0.00022807016050089152,1.201310699388406e-06,4.890163057378694e-07
2011-10-31,0.17341638802217038,0.17383040798656738,0.12348484089915998,0.1479282065771457,0.13661678808110408,0.0493659974476489,0.08534799635270003,0.1331642403166384,0.059393748360509875,0.1334035127101596,,0.1727904610882259,0.9306129571311499,0.00010159078649411762,0.0002056168756393687,2.0702187217052787e-05,2.9838951107275253e-06
2011-11-30,0.09719002339686478,0.1791227263784138,0.12744976408147912,0.1529693677374784,0.2120831604500566,0.03185395567144684,0.046963521731467124,0.12139694096544551,0.05231707332943688,0.14097193163650126,,0.2547876282934212,0.9670139243348811,0.00012238327189803918,0.00019546713225810007,2.275564665457913e-05,1.1609344331343969e-06
2011-12-31,0.01441057714681774,0.10706153994533438,0.011347218647667813,0.05846005167181215,0.08189570185348277,0.02715645826154483,0.040625863284278085,0.026798635015146274,0.04247905038468442,0.13615224957979613,,0.24342704709391064,1.011766030365651,0.0,0.00016327895478554483,1.2001753539080173e-08,3.236135436504495e-07
2012-01-31,0.31353786388278615,0.483535686629716,0.3217714637440888,0.4328247071632378,0.3753756683192283,0.028945454236274863,0.07701134953588355,0.10481859580440162,0.09213663334936283,0.1847545741693423,,0.541966498300386,1.1540864440742098,0.00013916077481568626,0.00028963822398503055,3.491051452347154e-05,6.662598910842456e-06
2012-02-29,0.07857070129807561,0.19856339464727696,0.09901406462549643,0.1452971034498154,0.16675609193517604,0.04976049014334183,0.14168750043996164,0.11588815164164748,0.16170979890166617,0.24195066398835996,,0.5489023614698918,1.3510031083857603,0.00010159078649411762,0.0002227526174713289,2.6983817331939402e-05,1.469462310383834e-06
2012-03-31,0.4754090144790131,0.521820024427418,0.4391796213577983,0.4901315606386564,0.46153631637872067,0.08758907780688291,0.2049835199963699,0.2353702182519643,0.2020362930501209,0.24506308719196496,,0.6647076503238776,1.6023660001536375,0.00020679623825098034,0.00018816596336907924,0.0001482305225128525,3.838828193934524e-06
2012-04-30,0.22718852149468033,0.23051720764344932,0.18956473897533527,0.23779440564313084,0.23953421267945155,0.14529469700748446,0.33181235143456583,0.20722747374225625,0.31346973792094174,0.2585276184799002,,0.621935731027727,1.7350931058349683,0.00030838702474509803,0.00015208503651954763,8.865491569378409e-05,5.952892599464397e-06
2012-05-31,0.0004157253902635934,0.03577096064557771,0.0005431251179283412,0.021974616024332674,0.019744554312586208,0.09392479327674512,0.38836951640072864,0.09018107889826082,0.30259974063652667,0.11206605827809438,,0.4506528378036707,1.5200505857901554,0.0,0.00010398049148265853,3.9943179009480507e-07,1.5003441049912397e-07
2012-06-30,0.009298064145228577,0.026306770437499766,0.0074469198965576725,0.01652686490251294,0.022156238987579405,0.13658235838050026,0.2647957537216548,0.05173676232181764,0.17529285848472445,0.09249145721630318,,0.3153167134768189,1.208085446721264,0.0,9.09872094708089e-05,1.9808062566602078e-08,1.8414511804300195e-07
2012-07-31,0.0,0.0044655625242618615,5.336539632198751e-07,0.002717407577476397,0.004530411606697135,0.17268305147585244,0.1094435515405187,0.029806808417562343,0.05285031056965348,0.08266922726396947,,0.22083097013790118,0.9750113674418284,0.0,8.466375829272e-05,8.817844342880206e-09,6.799346019754224e-08
2012-08-31,0.0,0.0027832067338534948,0.0,0.006371842954409389,0.005463566179755491,0.10726777883851661,0.04262286177116525,0.019153141248456865,0.022344015250671773,0.07448506705931267,,0.17296520709662117,0.8554341389052984,0.0,7.839468128377276e-05,9.076448178675205e-08,4.7858332673241113e-08
2012-09-30,0.0,0.005041557600390327,0.0,0.01423603866670949,0.009498002863171404,0.07147923936589473,0.01859961698749714,0.015281609280226666,0.015041290141355431,0.0604167269694814,,0.14376794112602354,0.8077097232288251,0.0,7.077935345391018e-05,1.818166205356813e-07,3.702974231687246e-08
2012-10-31,0.09207773502368279,0.10351246229860805,0.15085907296321754,0.11740379513625894,0.09100504168466773,0.05810272952768843,0.031196517084658284,0.08185423597299099,0.031875833778770256,0.08747411616710106,,0.12844195630501648,0.8069302846727747,0.00010159078649411762,6.900818234134408e-05,2.3553512437186484e-06,3.445552657657978e-07
2012-11-30,0.3515258380215396,0.48849202507260997,0.39383863259174673,0.4187807222778097,0.50374148455058,0.03645569781389586,0.04796511969322664,0.1383985585527882,0.08252801123438325,0.23648308974309518,,0.4710221154255812,0.9180277279150448,0.00012238327189803918,7.114587184360742e-05,4.1009779025389193e-05,4.3402897198644335e-07
2012-12-31,0.588307508338458,0.7551239362680805,0.5908120457432361,0.6730437372002586,0.6443604832014269,0.0463598336936783,0.07988578908998858,0.08503782482514546,0.11689828871336573,0.40483996682009105,,0.8693022821376002,1.5728181214182881,0.00030722760381176467,6.537521983651788e-05,0.0001529754816296347,6.764724800424716e-06
2013-01-31,0.06341936295384998,0.19794072671602972,0.05913960520488125,0.14028741631064995,0.12779303887873383,0.048428777075503804,0.08932408148192493,0.07507333558717527,0.1412575972849508,0.34487144260839386,,0.8652687512720565,1.742333669786198,0.00010159078649411762,7.625699232402187e-05,2.8547751102360995e-05,1.726588243719643e-06
2013-02-28,0.03412881005884545,0.12499540902164358,0.04006413064018744,0.06856720093410779,0.07867256046949879,0.06752928657293594,0.15847018954739103,0.08390803860558968,0.19132686975539998,0.27168685282948035,,0.8150182641025506,1.7079420969885297,0.00010159078649411762,5.416921787572832e-05,2.3839573910804822e-05,1.5038622073493752e-06
2013-03-31,0.11807162427685364,0.2126755365672793,0.159988795326146,0.17427906905411653,0.17920616476275383,0.08961642560435705,0.2477368484623874,0.17727587125294775,0.2424845558632672,0.20973854334950331,,0.755253531758833,1.6295356996354902,0.00010159078649411762,5.467871915270915e-05,2.6923207637592154e-05,8.446806038351621e-07
2013-04-30,0.06302625033485612,0.12126431740859446,0.05901564849985774,0.06560245383698593,0.12435210373085985,0.09852198738568628,0.38613529534417534,0.21282140064207578,0.31899139250427827,0.17583088497115656,,0.6158428492028989,1.5951720030357013,0.0,5.029862225124393e-05,2.299113585648891e-06,3.9478334155503437e-07
2013-05-31,0.022355763250305558,0.048292104302774336,0.020901182777889556,0.04383506987071715,0.043487116416033214,0.11566530102692843,0.2896169309987899,0.14990623539835177,0.20673285791348914,0.0862176942774803,,0.4473442778786636,1.288190024117105,0.0,4.971964362542465e-05,2.0248905078755244e-06,7.947210804551254e-08
2013-06-30,0.042139431786947276,0.05705524037209938,0.044287851999040055,0.031324210608759756,0.036020391876919855,0.15762735612354783,0.1549536134140309,0.08118020481071456,0.10327387169122494,0.10166816567255864,,0.3119664584041412,1.0564489690425256,0.0,4.556811656710025e-05,8.720999475682808e-09,1.6130798007927688e-08
2013-07-31,0.0,0.0016060974908805533,0.0,0.0029146838849163394,0.0024204832053465325,0.1728630875178531,0.07091998522739137,0.03797553564060785,0.03806967225505457,0.08401584982980671,,0.22022311922266355,0.8998311135342608,0.0,4.5526833166985217e-05,4.222516793492457e-08,3.4165764055065076e-08
2013-08-31,2.0298922384926862e-05,0.002560387193822838,0.0,0.006729253246736691,0.006088193051631868,0.1532531027069978,0.03544811179359857,0.031365246234332955,0.01665865097468967,0.06999741656428299,,0.1741045936706259,0.8150230048942945,0.0,4.45058175803505e-05,8.712334935526759e-09,7.215637698687759e-08
2013-09-30,0.05906828675765402,0.06401096070930395,0.08629220851543573,0.04748783671177898,0.07637895743355445,0.08080808052192207,0.044685718731106834,0.05259613539693488,0.020682772492011708,0.08147529068559589,,0.1451048569880094,0.7964322831119073,0.0,4.18294262898907e-05,6.810447877328645e-07,2.6586320275886383e-08
2013-10-31,0.004436576018033209,0.03730507041621896,0.003626460214449463,0.0379714474779385,0.028711847492442533,0.030016371330569575,0.05178693162636109,0.020576045397118044,0.05138139381690256,0.07538620289290066,,0.12493608968673883,0.8189045069630861,0.0,4.190796618115132e-05,2.647479600661877e-06,2.2570040028048494e-07
2013-11-30,0.08810573759800551,0.17064586643803445,0.09680032282919335,0.09641026726814585,0.09007828840712796,0.016217823352004255,0.03933839435646371,0.09891736232313883,0.040608576236460144,0.1116615813088755,,0.15480955641133176,0.833031410533492,0.00010159078649411762,8.875990469597037e-05,2.6316873839163433e-05,3.3664240054382993e-07
2013-12-31,0.01867494590407258,0.12408597767921711,0.0221992105067172,0.0554657812776634,0.06995474229753747,0.018127226827009464,0.044544879010791016,0.04469697209417884,0.04260946527556689,0.14078817738639146,,0.16424450529641416,0.8700669647134658,0.0,4.5687940271312896e-05,4.300581160563308e-06,4.5926610421877285e-07
2014-01-31,0.01987439949568718,0.17895018138559168,0.02201895651617451,0.08255836505659,0.08891181496223083,0.013169798977482513,0.05728878059122556,0.038647390841244696,0.050471469453428904,0.09072001137897208,,0.15880161472391532,0.8970982608849378,0.0,4.081848039171013e-05,1.2976217211201846e-05,5.371565258049497e-07
2014-02-28,0.3595881761300052,0.5800939519246918,0.44093808080076474,0.5489845306294732,0.5130981173440174,0.02518486188677411,0.11045024171177416,0.1627943900305651,0.12782578817414722,0.28615607669600823,,0.46704167134750124,1.1333769093099153,0.00020679623825098034,4.33367843202661e-05,1.280783412350095e-05,1.5537259907477045e-06
2014-03-31,0.2990767039698216,0.3210007969312312,0.2800082677762048,0.41418423759949874,0.3109439135649454,0.09968128263587876,0.2237103671882366,0.19042299769380824,0.25669491205001566,0.319319118313903,,0.4898810667453741,1.370708938337768,0.00010159078649411762,4.135315448519148e-05,0.00010913020657423574,2.9818301884838182e-06
2014-04-30,0.08086790746487153,0.12029641498924128,0.05187238772830003,0.09063110108924616,0.10472677110366817,0.09917472095675746,0.3124486791064867,0.13538394365547263,0.29379687741143046,0.185242846757102,,0.42639700765997185,1.375842971860938,0.00010520545175686272,4.218990332470227e-05,6.25713877329967e-05,1.4721397420675147e-06
2014-05-31,0.017286737624978878,0.05787651522253876,0.01877051275951591,0.03511221167621446,0.04889867651172197,0.11467196521259373,0.28692392686377527,0.04257200416815568,0.22350805752381098,0.08270791214443252,,0.31626244217434357,1.161994238508628,0.0,3.444568983833832e-05,2.3231612876805188e-07,2.1817363608421065e-07
2014-06-30,0.0,0.006613216282327052,0.0,0.013622489093521853,0.012248598515178762,0.13942768582614384,0.1379486757492758,0.022471109935238036,0.0997317811219983,0.06299682720449162,,0.22571931917733645,0.9518408038266374,0.0,3.250032261366034e-05,8.710641624946263e-09,4.282689434406804e-09
2014-07-31,0.0005434826632165765,0.0018711915211185519,0.0,0.003034512000959848,0.0033665706147217277,0.12011080360481588,0.05145103936494553,0.01598062446079333,0.0327211125818711,0.06288388834681959,,0.17118379468800002,0.8346368033098137,0.0,3.282757138319815e-05,5.770054898462258e-08,5.794732780409794e-08
2014-08-31,0.009973467310297236,0.015231723782007333,0.010643067088701079,0.013144290655804528,0.02220112724393297,0.14850304762238822,0.044311876847502596,0.020718514037432943,0.023539674673613818,0.07139960470019233,,0.14116610805760002,0.7892015174695803,0.0,3.299371310958287e-05,2.9349926138100394e-07,2.001222702101165e-08
2014-09-30,0.03736762722217165,0.08238583346182084,0.03835091200104536,0.024484115027826422,0.05697417504198181,0.0732724985651072,0.03702328122218021,0.059019626874823546,0.02243985268949733,0.11656926167181668,,0.12132017808203295,0.7777573126115875,2.0792485403921566e-05,3.0346523308033365e-05,1.8489953400218931e-07,1.0967965440656623e-08
2014-10-31,0.032716207986501045,0.13050347155915534,0.07619492392849306,0.07799185073850266,0.09589736359679296,0.03159776672170253,0.058883841590690954,0.08314119138832159,0.02240943833539913,0.15897521305168677,,0.11160043820212706,0.8122564000132847,0.00010159078649411762,3.1188307746929536e-05,1.5619874422661865e-06,5.202033092227636e-09
2014-11-30,0.19060188543855827,0.269662044651771,0.1898778255341214,0.23850801596089494,0.2288289782153195,0.037455945909459526,0.05329004267524157,0.13266764990840946,0.05400275088434953,0.20360122272020498,,0.19262522201871063,0.9343491506200352,0.00010043136556078428,3.0199513607022218e-05,7.40523318506864e-05,8.300879751689293e-07
2014-12-31,0.6702809277709534,0.9255600610679781,0.7526290052928466,0.7677932328113591,0.5564065643191561,0.025167888644506767,0.0639927896365226,0.11424286336785053,0.10861377590143334,0.4116774765830095,,0.7858392422159058,1.3696154065468802,0.0003978392272705882,0.0007321478631416592,0.00013759093469873656,3.5816165566785658e-06
2015-01-31,0.007026858468516983,0.1477293833944874,0.006494959869716101,0.06446622466695157,0.08733649715605145,0.039430825971953375,0.08266147285650167,0.05150196892848471,0.12300492852816222,0.2751677884586599,,0.7463339651023811,1.5104216442015397,8.945220252549018e-05,8.983932187209189e-05,1.5777141412105734e-05,1.3788471236182194e-07
2015-02-28,0.19566794107646746,0.30111153452418643,0.20396250557566578,0.2906530181096556,0.2616365546108075,0.06743743067720485,0.1474497931400076,0.16920081301181492,0.2066751913786563,0.291494028931462,,0.7717938828420519,1.6733888020388883,0.00010159078649411762,3.354953276992234e-05,2.129856078925392e-05,1.2445100745081901e-06
2015-03-31,0.01618778372764951,0.08690909448415655,0.017596797882277946,0.08633226653100831,0.09234652085440824,0.10333416738718236,0.25225493462575593,0.14838586788964872,0.2465156979005473,0.1541073939838371,,0.660601007829233,1.5839880402904867,0.0,3.176124411855986e-05,2.8749584898755316e-05,2.1304079035964668e-07
2015-04-30,0.11309604394369292,0.17499106913685736,0.13095354796865355,0.12836446017883313,0.14360319094786625,0.09052493381460053,0.31785082527192055,0.22061518375369232,0.2993428049847576,0.13087136140908215,0.08236660485244506,0.5938167994259577,1.4122855905525729,0.00020679623825098034,2.717976286340608e-05,1.948869372715947e-05,3.0103614766387377e-07
2015-05-31,0.000959385542251996,0.04774267234757827,0.0011836470845371949,0.023807653234797044,0.025278394801938206,0.11956673099796053,0.2419903625706117,0.1089156720639938,0.1835666438484492,0.07604169054641893,0.029256538183914906,0.4492206948171294,1.2127001467292824,0.00010159078649411762,2.677397498469013e-05,6.831448807773906e-06,3.189853043864755e-07
2015-06-30,0.0041351178037887975,0.02240803217674241,0.002779766714604703,0.017162893999747828,0.025763402210000858,0.12370252348852771,0.14209500750648965,0.06340007956079767,0.0923507715630621,0.05094015417670383,0.02988872208934463,0.30967994243312946,1.0129483778306096,0.0,2.3746169346535322e-05,2.564011558332679e-08,5.631929445360221e-08
2015-07-31,0.0008739476308530341,0.0047402658259219415,0.0005408415244218683,0.0051356372534603545,0.016217666793821264,0.15409845655239168,0.07570797341571604,0.033587559353239226,0.03339362273772487,0.03718857904878909,0.02744061929063024,0.2182594405773553,0.8710227081488409,0.0,2.4865863194705326e-05,5.821010500184529e-08,1.1536021940825032e-07
2015-08-31,0.0009512922242865694,0.00417437261891859,0.0008013491249995126,0.0074473530295129,0.007806025859162513,0.11732007974324606,0.03398265417361132,0.023387792679547055,0.01691784063130103,0.033396469285333456,0.028240528349788505,0.17189781917816474,0.8037709811168807,0.0,2.339374756964689e-05,4.240520547974572e-07,2.5923089226086934e-09
2015-09-30,0.007432827111853681,0.01632976732235806,0.007631033804114162,0.018722422006354413,0.016199369181441416,0.05122916427347622,0.016962466165326578,0.024165790299890983,0.009091683277479142,0.04527493742765197,0.02772356111955406,0.1429208657751341,0.7761757983932648,3.614665262745098e-06,2.2437175040576057e-05,2.669946992824864e-07,1.8413828149963828e-08
2015-10-31,0.015184008745129407,0.05026153161152673,0.013562721122437978,0.05081054953842102,0.042927952431493256,0.027618674726417883,0.02769066304193589,0.06858845526734585,0.03424677823787088,0.059698549097286585,0.03868022364977666,0.12941046828212707,0.7788373980465396,0.00010159078649411762,2.572375815457617e-05,3.4141374777947985e-05,8.588381221217268e-07
2015-11-30,0.18265444077274223,0.2540321545307552,0.1966392261520316,0.1800240341723594,0.22176105503298413,0.03979308862730455,0.052642146846319265,0.12668995217997922,0.07665209452250678,0.20255746664167715,0.08268669737675688,0.34188549168790594,0.9421307649520146,0.00020318157298823523,8.066729647392717e-05,2.081610853236926e-05,1.700690348211457e-06
2015-12-31,0.1960333322641188,0.40327505268463887,0.21961511252468818,0.4632315884860662,0.4229831916100425,0.046054588107722845,0.05155136662855842,0.08307008580119683,0.08782330481454757,0.3504169472385423,0.21802545087813405,0.6266940102390965,1.3139498374541287,0.00020679623825098034,0.00012903364278089543,6.243439944160969e-05,2.636548461648366e-05
2016-01-31,0.5006931359745675,0.6618571667297224,0.5426598961477299,0.8356693902427662,0.23745464644453493,0.03601942042986965,0.06575745302298068,0.08639247044089378,0.11905198413295223,0.41297807666523834,0.3418187108100519,0.9081053715901742,1.894912975240207,0.0003986567948941176,0.00025576345439211947,0.00010609566341157883,4.105843867591853e-05
2016-02-29,0.05992488114469122,0.15869882883504435,0.06518586809716154,0.11948986258427091,0.29126513042626795,0.056231038278779504,0.12778573893964124,0.12436554279391684,0.21513013380602045,0.30405787354706193,0.2707951201810406,0.8783047938999718,1.9361488024495843,0.0,0.0007184276029737551,3.5026491880499676e-05,3.3441572260515358e-06
2016-03-31,0.5220005628225626,0.666725572390651,0.5772327235717644,0.6728040385969434,0.5753587207122417,0.11824764717107766,0.2182470234302891,0.25209703923029403,0.2672359197261052,0.36397603734786393,0.2944740720411244,0.9689005584950212,2.0522530500918847,0.0002455281148,0.0010155754274748913,0.00013202217739140596,7.734780248236188e-06
2016-04-30,0.05153257405838432,0.13097120486718253,0.055243015567005525,0.07966084942762665,0.14993524704113473,0.15584068705247203,0.3419249938952466,0.2652548584229399,0.36546196839385,0.18185843258818749,0.11820325205985237,0.8428036345229554,1.7959918756225406,0.00013916077481568626,0.0006738341835780616,1.32449301426333e-05,2.3857797224703955e-06
2016-05-31,0.04566895076562578,0.07620769579361977,0.05772529832499369,0.06923971925661923,0.0710772044842804,0.11237990455211481,0.33224591024587075,0.2685944589010565,0.3021031126920585,0.10848413814639928,0.048796877657927396,0.6417014743353224,1.5953253022816107,0.00010159078649411762,0.00040948473421501214,9.032994108624632e-07,5.648728778086456e-07
2016-06-30,0.008136558816320302,0.03459920540141435,0.009477165292394864,0.020559541489451518,0.028251045585739324,0.16448892110220226,0.2541702173416267,0.19173294527811294,0.21449253263102153,0.08652639412050812,0.03625420911844721,0.4128141663219953,1.316556275743754,0.0,0.0002760649522462268,1.5198890340775797e-07,1.9139454275486514e-08
2016-07-31,0.0,0.001061892536560651,0.0,0.002894511845882815,0.0017314760846565188,0.15977066058433165,0.10788026443676288,0.07838929795701643,0.06498180261703068,0.052668092623375795,0.02910782907438314,0.2715756144194259,1.0540696036889092,0.0,0.0002250786048734446,8.708052728551879e-09,4.745404265441147e-09
2016-08-31,0.0,0.001535435527718229,0.0,0.00672557456428037,0.004495016411120721,0.1271738656066084,0.04080896989864137,0.04355956939317218,0.023646891895369167,0.03514374205720881,0.0279808560924747,0.20454764238486592,0.8938025508356657,0.0,0.00018997942466550678,8.708026505909682e-09,6.565375859363406e-09
2016-09-30,0.0,0.005354921142767519,0.0,0.010049276901943419,0.009594363081095979,0.06881602501712364,0.014761732713519708,0.0295983642325604,0.010098895771626109,0.04093777624030313,0.030175805950322473,0.16560785325477648,0.8266499876957059,0.0,0.00016128022085901543,8.760636641821697e-09,9.785663954884398e-09
2016-10-31,0.25522856407862415,0.3924759501908084,0.2996986510487918,0.3270531999065133,0.4652255318399723,0.06119665076341246,0.060523810276622195,0.24837717013938126,0.064420557722914,0.19251891390437836,0.08608104914356557,0.4003905138049506,0.9918064643688114,0.00020679623825098034,0.0001530748381912166,1.1338967519529084e-05,3.3483236828364577e-07
2016-11-30,0.16378015667669024,0.3152082964825652,0.17654126876461115,0.15218898895836822,0.22827172787080058,0.040908377899198746,0.06357186935881726,0.11899285577561605,0.0913249370480955,0.36343217046290516,0.22300888892835397,0.5322130286905223,1.4672426542908092,0.00012238327189803918,0.00015204778126324988,2.5412398935739972e-05,1.0116273920839908e-06
2016-12-31,0.3227243155376838,0.4710586366601297,0.3962667626891393,0.3366967312691703,0.43761107188381615,0.04341011595187664,0.05077677377862414,0.08202135226391497,0.07455671915486736,0.39360097412984124,0.3113194339742958,0.7492105330940988,1.8185117738550287,0.0003978392272705882,0.0002496987811880643,0.00017705437424995956,1.7426695263804407e-05
2017-01-31,0.6661813186969202,0.9218272992197636,0.7243739046699265,0.8915852642542502,0.8231397605472724,0.042820428625837376,0.07693213946563544,0.08801235996563957,0.11810164928265855,0.4141806361005209,0.34125435579532826,0.9865850579425883,2.085388836526992,0.005560532582784315,0.004542739962078239,0.00013601871307612046,0.00012427235066631026
2017-02-28,0.6379574852524091,0.9705383015190818,0.6983223351384821,0.8158622862982761,0.7777805264670759,0.06883621650388706,0.11532269226001524,0.1285579559563828,0.18186052370846428,0.4162465293959055,0.3417074173858187,0.9865850579425883,2.166844476783094,0.004767731518839216,0.008996922461191171,0.0002526778721896879,5.483905761756803e-05
2017-03-31,0.21742426669864104,0.3346748587255069,0.23325948118685022,0.26472882048650537,0.29102818678061976,0.12711083160238754,0.22709623123607126,0.23657369866625896,0.26713018056687654,0.34788384979525216,0.2737809329188625,0.9786435268439342,1.9840533094118231,0.00010159078649411762,0.004080820958978382,4.091962050700723e-05,8.024438068881923e-06
2017-04-30,0.2279604252648289,0.36346314846519184,0.24236464035578054,0.27750134374304086,0.33179512319679483,0.12424313923223573,0.3148808480906985,0.2765517465400941,0.3686073890803576,0.3370357865890396,0.24754635216692153,0.9322260602193319,1.9796700294066076,0.00020679623825098034,0.0014288401305915794,9.958972547123359e-06,5.5759324552031125e-06
2017-05-31,0.008166826608711378,0.035792266336643314,0.016510711887268534,0.029827232254220466,0.020263398665086956,0.15968126695203688,0.3811656285613909,0.31332324538978795,0.35514359094366804,0.11788433919074648,0.05879247579252631,0.6577300920067013,1.6637236468857965,0.0,0.0007858196806036495,2.3054012455717734e-08,2.7011163144572106e-06
2017-06-30,0.042466191080582534,0.03382440411008792,0.04898054766899672,0.029552532532426415,0.5184005679036712,0.1511597205522429,0.3041933895863978,0.23966388460646945,0.2905089253753387,0.0781816252175836,0.030047725417346564,0.4315737965110212,1.3649320351563665,0.0,0.00045973200102557846,4.1784449968271406e-08,1.3818164659378575e-06
2017-07-31,0.0,0.0002122635996388051,0.0,0.0028599886505455705,0.01519557021002263,0.11228817895222701,0.13995530439892898,0.09772499265831378,0.10387768583868717,0.06121810968001915,0.028748941325461734,0.2769843300725459,1.0754282383085023,0.0,0.0003406467191536568,8.21055865698742e-09,6.742207029959735e-07
2017-08-31,0.0,0.0008405260337326984,0.0,0.0066176683128499674,0.004012416081803457,0.09900595148704246,0.059036256469446095,0.05568753768731727,0.02676856828840751,0.05007966182779558,0.029307758550204087,0.20779515010469646,0.9091391929228501,3.614665262745098e-06,0.00027059436183783707,8.21215311478361e-09,3.824460725627693e-07
2017-09-30,0.001263258120892106,0.012471797200377485,0.001147686505848678,0.01329726782389025,0.024314670181369964,0.07388408578986051,0.024658302025042662,0.04673245929252547,0.015228846427051334,0.05455737702801647,0.03004940257350771,0.16804633195459767,0.8460745652689164,0.00010159078649411762,0.00021909045806861802,9.23717071702765e-06,3.5873089579881406e-07
2017-10-31,0.025971787888996185,0.03262897387784462,0.027651288062485298,0.04864041476574463,0.02019465954063404,0.02822541665654459,0.019253098580352068,0.045670773579692944,0.02419128479384447,0.07790067400840732,0.029398367010560776,0.1416939948995765,0.8406771336347257,0.0,0.00019506033745607162,5.979163527079514e-07,2.358508302466542e-07
2017-11-30,0.2696631088618447,0.4692669455557811,0.2855502819592248,0.2939224269471136,0.3780404798271779,0.04699268132147651,0.05425186194828523,0.11486735982894639,0.050246447311965495,0.24310766008426882,0.1034573476450241,0.518314425065713,1.1596496072140314,0.00010159078649411762,0.00016791380276379633,2.654169440640675e-05,8.646369773918507e-07
2017-12-31,0.010455320542700994,0.09170257471849765,0.01168059964532181,0.0576203711712295,0.07807479139488817,0.029679754355988592,0.04170157436571101,0.048583360049113754,0.07431692336528249,0.3703978063613933,0.11600134051257062,0.49243711065991536,1.3878829839648186,0.0,0.00015281908104866122,1.096038740792828e-08,1.622949760715167e-07
2018-01-31,0.32625094266690896,0.5101643624337548,0.34099199447901035,0.45606071523341446,0.3923117882290477,0.03411464421732955,0.05476647244253349,0.09514524235178158,0.0838107510140838,0.39405611983536765,0.20756496421152637,0.6270091047417977,1.5823358017100912,0.00020679623825098034,0.00016872135151994741,3.6070798837810766e-05,2.595691079726289e-06
2018-02-28,0.028594031425074867,0.12858820266606752,0.10255251490750261,0.05384179882265968,0.14871935182675966,0.06132916556859089,0.10913994171420262,0.08218396954393649,0.15685990751364062,0.3399113346213694,0.16889007018801572,0.5935923928521789,1.6167708580532567,0.0,0.00011821933216257281,3.961649915519168e-06,7.591334891073844e-07
2018-03-31,0.40515094586161116,0.46007232969636835,0.35171604986196126,0.39803708487601686,0.4023393916444999,0.1029993196040189,0.21360407005327803,0.24337784700391601,0.2150292921532202,0.3684456975846665,0.1862748435706258,0.7659192229309744,1.851067841423502,0.0003076371992627451,0.0003095591012789009,0.00015417913886765514,4.512659119904041e-05
2018-04-30,0.2195207969049223,0.27498826122196257,0.23204670474292569,0.24950898365392965,0.2686695349943279,0.10917859763071099,0.31268333843548446,0.24923310968305792,0.32557321107565185,0.3256889526622903,0.16573273491952328,0.7229160446168849,1.8614503364016248,0.00010159078649411762,0.00024849450524279827,1.6518508105189813e-05,4.983977100590864e-06
2018-05-31,0.02078721374671926,0.05435404692544354,0.02178495797210513,0.031136346001630434,0.05191805718370135,0.141256034979764,0.31911769645553706,0.1694963536844251,0.26848146394649947,0.18429890640323063,0.03605256677470085,0.5535781407647625,1.558240837899505,0.0,0.00021362892969127472,2.511012688144193e-07,1.8535892567354088e-07
2018-06-30,0.0,0.004679253875275029,0.0,0.011701816844651242,0.016971491848872026,0.13764236870135174,0.2315634643946645,0.07752436659769693,0.15061346315445756,0.16138318619026418,0.030301546323978037,0.37185761175913407,1.2515049976087254,0.0,0.00016197398785377506,8.237551547478862e-09,5.686951605899661e-08
2018-07-31,0.0,0.002554467410915906,0.0,0.0028775820072702548,0.010413042704356204,0.09198578088253549,0.11965954529448157,0.04360487564464393,0.043826469027526994,0.10015000263231315,0.029393830103446292,0.2505789062300612,1.0024197171345182,0.0,0.00014226354965350636,7.994874187184492e-08,4.9167125243065405e-08
2018-08-31,0.0,0.0004271512912995287,0.0,0.006029963059643,0.0074834599410333455,0.12259702525761706,0.04153326222368135,0.02659564593166941,0.019045876256089837,0.0822142474875166,0.029091719582512124,0.19062327444781177,0.8655685016333274,0.0,0.0001222208280612765,7.3034615651922e-08,2.8021919786696344e-08
2018-09-30,0.0,0.005420241597261963,0.0,0.009907371701612343,0.012012478452421791,0.07166441830490373,0.014050623055411075,0.020200633051541177,0.0073108110003174825,0.10606050694127486,0.03046441576119955,0.15576280533714829,0.8077536142000763,0.0,0.00010693881967929717,8.212575758904745e-09,3.176960132028542e-08
2018-10-31,0.02173836166005602,0.052516512508444614,0.020072115875667314,0.058966151584203604,0.05574605731191695,0.03184819219093898,0.03778368703237229,0.05103379543913449,0.03761301824012352,0.15821145318724145,0.052342999600006046,0.1337328841487059,0.8209480956963902,0.00010159078649411762,0.00010299975219333208,4.664207743766249e-06,1.7185501541156394e-07
2018-11-30,0.25424052153456006,0.44577005520610813,0.26924608932231386,0.250369871581636,0.28684342294929194,0.017218984958306205,0.02645994718836965,0.17212065580155136,0.03674889738717786,0.21747285766994298,0.09097361274343932,0.37541634257016465,0.8771586748511196,0.00020679623825098034,0.0001495375326417032,9.987758676649808e-05,9.684430648290643e-06
2018-12-31,0.19742793760482347,0.32104601011789674,0.23052044088889265,0.2280588441103223,0.27381802926918297,0.03395412282393076,0.05269760032855878,0.08963640748228358,0.09280914543111109,0.40883305337966525,0.2823713134128342,0.5981845592569976,1.3309631672613964,0.00010520545175686272,9.113824714383558e-05,1.2990042277618383e-05,6.082094152935111e-06
2019-01-31,0.41863379872204554,0.6334554093413934,0.47055916285459054,0.5299175474100479,0.4592071063907619,0.04243837427411825,0.08195548705246232,0.10691771535242325,0.1179370181988511,0.41842418062722125,0.32538381180024367,0.8669057211801601,1.7826486339746865,0.0003507335665568627,0.00015253009388068863,4.662454619371638e-05,2.5475652853612102e-05
2019-02-28,0.8015321981794594,0.9232040019914258,0.9116590661529539,0.9500217119968927,0.7243232856971656,0.050209862203985725,0.1281929289731031,0.15066621974030517,0.16966710690484785,0.4199677585736803,0.3380363104970616,0.9865850579425883,2.073412961446962,0.0006394083562039216,0.0006577567114692089,0.00014073148122904688,7.594756067604808e-05
2019-03-31,0.3300481466439673,0.4268820892346128,0.38656159452304734,0.425336098221367,0.38463151802668794,0.10444500102176782,0.2191706347835507,0.22961567232982308,0.25891761340454844,0.41336078277309013,0.3360020800857014,0.9865280997436235,2.0902523108054987,0.0003558433642039215,0.0043247772788017206,0.00016160928994562974,4.4222627869964114e-05
2019-04-30,0.07344173642340543,0.09446897127768762,0.08253207146821105,0.1028786828675205,0.1265962774608552,0.13685102987965952,0.3318448655849416,0.24590006547189697,0.3742937327347522,0.3469600711112657,0.23898409490598027,0.8786781821699011,1.9391513105501983,7.636102486274508e-05,0.0016658577716582201,9.481369550833722e-06,2.3718711817143013e-06
2019-05-31,0.25912643425933896,0.25303694975191293,0.2937202123492171,0.19899600803004186,0.23837907089545637,0.18408726444040024,0.36308044350651314,0.3421279155902968,0.30667028385393547,0.2360997529796861,0.10848611133945202,0.8138995701543152,1.7152739829529189,0.0003047723594823529,0.00087395730809111,1.809152195354682e-05,5.38543454039985e-06
2019-06-30,0.0014945825673127618,0.008718014840213461,0.00020053174542231927,0.015071345000352265,0.011805819068156809,0.18732912568603227,0.3951065911255506,0.27876930905032754,0.3698534417685348,0.2692917482687518,0.05617537260703662,0.525353035588066,1.5332613900974852,0.0,0.0005764500183024766,1.2870697512557335e-07,1.0913076817566273e-06
2019-07-31,0.0,0.0002336907294362251,0.0,0.002909368673404538,0.001312174448394901,0.19921806844337236,0.19596607708464206,0.1339346267195879,0.13175150402406605,0.1267926028031119,0.02801525299720544,0.33360132101662127,1.167669250197244,0.0,0.00039890503596875555,4.9475198321671206e-08,5.964260475102593e-07
2019-08-31,0.0,0.001536763913342773,0.0,0.006498313324353016,0.00887825041945365,0.12622246884342359,0.06698978841260594,0.06398519579443764,0.0331677148442082,0.10754100592864273,0.033605217696885986,0.2364150912626447,0.9656718918102221,0.0,0.0002910297820672898,8.170884135777332e-09,3.262591377510744e-07
2019-09-30,0.04483222584083122,0.04485688731463128,0.06583511898452321,0.03263595829836735,0.043430440159077086,0.09092443996428629,0.053648817001756416,0.07973998661564975,0.033560116220477436,0.13155887534631963,0.03138929922984232,0.19075997412532708,0.9037598653602013,0.0,0.00022529408558059097,2.5787131196545866e-08,2.2585432030850764e-07
2019-10-31,0.000431098280639676,0.024111507614714103,0.00022509927263375778,0.02703746017260452,0.029498014062790272,0.029879913849622627,0.022637119581761716,0.026621301834610988,0.02865062932190636,0.15306899435623583,0.031047309660287833,0.15666296747550118,0.8986734442410489,0.0,0.00019496971473305675,6.935286513466384e-07,1.517459782890245e-07
2019-11-30,0.041390927159787434,0.15415689574231614,0.14895336986322008,0.07558004035605799,0.12374050432548253,0.019252522086229077,0.012565670054517534,0.06512000343397768,0.014220761524127915,0.14000549573174817,0.038926101769137064,0.14365015331659295,0.8733136839012035,0.0001918605566431372,0.00021310734621040345,2.9492935040400232e-05,1.4965916102198991e-06
2019-12-31,0.4205773489625579,0.5371247038640353,0.40200632464554004,0.41481630030818323,0.40140309783318723,0.03822374885674532,0.044726999803553005,0.09438714519278035,0.08759930624051718,0.41368731334912945,0.2892729203974854,0.5548025630985036,1.3033703469211753,0.00020679623825098034,0.00019249571440786391,9.512488770610916e-05,8.468597786582451e-06
2020-01-31,0.11926126440850995,0.3920688261801771,0.1352635299878991,0.2327395057577897,0.281130041526537,0.03793692758764616,0.05391968103229454,0.09695187458294664,0.07888591426711708,,0.30640334537495584,0.6590424438314166,1.4234879457667242,0.00010159078649411762,0.00016199412684825049,4.1404436952359575e-05,1.0041312654476538e-06
2020-02-29,0.0,0.1502042150410736,0.0012716974475635884,0.029557755952131674,0.14470227969005442,0.05710839534711955,0.16082084935340418,0.0622926837454851,0.15824741250531058,,0.2061296776747818,0.5839742873515671,1.5111695781638323,0.0,0.000539559529269966,3.2518604819337385e-06,3.9837987627351983e-07
2020-03-31,0.10050860002643904,0.2418143033551213,0.09544309357363945,0.16669229276742278,0.26592770592742726,0.09839264863852909,0.2045864781781605,0.15256113337848365,0.16764616666456078,,0.09750143145126804,0.5858891958103343,1.5434881697397156,0.00020679623825098034,0.0006815220100421051,0.00010902875051648251,5.760074607709109e-06
2020-04-30,0.07730748049311344,0.12500626736947218,0.076756441875555,0.09162332840243112,0.1391771000975731,0.1277317666325968,0.2998754202640175,0.15329883518853843,0.24638113166719705,,0.06644931836416153,0.5089824461281883,1.5428686824614464,0.0003047723594823529,0.0009159800657244745,6.623801306556658e-05,1.4907223741984836e-05
2020-05-31,0.11323471644600056,0.24028278224591498,0.12707564756702106,0.1036804605780599,0.15211460367702948,0.08718882849374202,0.3441578292283496,0.14292127202559482,0.15675949196952213,,0.03699569283037338,0.4123698923700706,1.3486518284100821,0.0,0.0006195350723433674,1.2755451477069706e-06,4.483923120839923e-07
2020-06-30,0.005773692918482018,0.024755915229304763,0.009023624986208371,0.014375034627247724,0.012314102619576718,0.1681103980615748,0.2680142655443544,0.04405632525957607,0.09745484426636306,,0.041920287654676855,0.29628346133805183,1.1497680042364276,0.0,0.0003508055248022451,1.2199199928830595e-07,1.2029150893641453e-07
2020-07-31,2.256547964189046e-06,0.0008194779616874387,0.0,0.002896997068325314,0.0009712135230045973,0.14048875626474971,0.10701133875505141,0.023853832228590204,0.03039839002782075,,0.02794452878420713,0.21021471693643295,0.9241169927112023,0.0,0.0002609440506623359,1.4493634243648051e-08,4.367451732345656e-08
2020-08-31,0.002374887374335386,0.003914526874672229,0.0014466547038697682,0.008765211077832893,0.011419768125693956,0.10278156793777712,0.044127664081000315,0.01835409545054666,0.017702633457214,,0.028475456835390153,0.16467351619704473,0.8232760693237989,0.0,0.00021105121711145237,5.05093667122792e-08,3.4415196291605634e-08
2020-09-30,0.0,0.006588150721277153,0.0,0.010586835654863404,0.013346764215583059,0.04474375671779837,0.022306957630185552,0.013213030728541568,0.010030385993619403,,0.02976862791765426,0.13729183755444707,0.7892143774947062,0.0,0.00017514146688876191,8.29297893204667e-07,2.200360984475005e-08
2020-10-31,0.0,0.055093713241264886,0.0,0.028043095946889578,0.04217094497967048,0.028779815237584362,0.03482448735627069,0.01052408076065726,0.018965207303508213,,0.0298584378279629,0.1184866408062494,0.7905406411736087,0.0,0.00016070728375438886,3.085849455561895e-07,2.1275924028836046e-08
2020-11-30,0.07322522418275221,0.24153255134469176,0.06729348188009848,0.08466201646115507,0.16390801304567898,0.01770593889161978,0.04500924895689179,0.08530300845326122,0.0312761271036275,,0.04523806261880539,0.14729659102388706,0.8600183692642994,0.00010159078649411762,0.00014514535160366977,3.848679202113214e-05,4.182027530312537e-07
2020-12-31,0.13209297950030152,0.34196555758760117,0.1488087882602729,0.14355228965681896,0.2265682127644912,0.021853226636326557,0.04895864796498937,0.09577106983111693,0.050592733297430824,,0.08326737731526898,0.23107129922620237,0.998125510095757,0.00010159078649411762,0.00018085573203141287,1.2497700707277861e-05,7.571180738004984e-07
2021-01-31,0.18807537593064197,0.4353890436030515,0.2163752427788355,0.29117250119240135,0.36956580687173707,0.016246644977422856,0.06693637139786311,0.11575099472955327,0.08357893920019643,,0.15804125097284835,0.4229629171025318,1.150923886141428,0.00020679623825098034,0.000178497527268447,4.773946372716272e-05,2.8562843731274793e-06
2021-02-28,0.10477321185746451,0.2755821154437894,0.10281567056635892,0.12174327776029335,0.18319922105643074,0.05666560683514053,0.12321806827721314,0.11435527772156864,0.1389017636197055,,0.2128604624776556,0.45194783592327525,1.4191507229061902,0.00010159078649411762,9.711833892591331e-05,7.360418613321078e-06,1.4119804433497726e-06
2021-03-31,0.14916957361029895,0.21941330667513734,0.16380965389418464,0.1632660310443175,0.19147539398013444,0.0958873363174546,0.2346645606305562,0.15041170384765212,0.17268744261462965,,0.1618854835370591,0.4418560433417036,1.4848902073683905,0.00016575642763921565,9.958629696651302e-05,3.5064529176195927e-05,3.087813300716877e-06
2021-04-30,0.009572400087387597,0.05407437455678189,0.01202437752734282,0.053944762656023736,0.053475561363060004,0.08469765079082966,0.3274720495965702,0.04394585380637489,0.1837875135146117,,0.04954711570656026,0.370885450965233,1.3656835895149282,4.2679785968627444e-05,8.298119687562419e-05,3.056059129175788e-06,3.4541383863523894e-07
2021-05-31,8.923101866683429e-05,0.03303085283980271,0.0,0.020642859602219163,0.032824477237996176,0.10222946056968193,0.2808509388688333,0.0202021454219047,0.08222310175521726,,0.0283563837435516,0.27533619111936,1.1389392789480057,0.0,7.70333270117212e-05,8.377048225766373e-09,2.2994764305797277e-08
2021-06-30,0.000931342464148323,0.007825037081412023,0.0,0.011567595820539688,0.021092858747254365,0.12611350854107167,0.13726588345025836,0.015107470549688622,0.026130480480806167,,0.02904192592831906,0.19716020762985415,0.9415238417329791,0.0,6.934348659298978e-05,9.441005499083462e-08,1.5574124705323985e-08
2021-07-31,0.0,0.0011327683841434516,0.0,0.0029160696351488817,0.0037943323854407163,0.09134788304521539,0.05890214737656412,0.01846245266617608,0.013638316553708969,,0.03098059288100704,0.15280783143514354,0.8305199987155383,0.0,6.775356155907947e-05,4.719035656746037e-08,1.811251256278917e-08
2021-08-31,0.0,0.00039717704661801595,0.0,0.006168998503539733,0.0015889928786260686,0.08694123134159784,0.04247135845497495,0.009081786757471766,0.005822347116334356,,0.027666275859029518,0.12765571056459296,0.7859161704039863,0.0,6.441763954234277e-05,8.17957115046552e-09,5.751533549439673e-09
2021-09-30,0.006107589759032814,0.0163961330208089,0.0071583210912080295,0.014743436423050437,0.02314190012209211,0.054911252978194276,0.03864885741263952,0.020261520463640784,0.009089856415926807,,0.029895036382585432,0.11050274677579294,0.7780411459714662,0.0,5.9893553243851146e-05,1.480210613072646e-07,5.8464102429969646e-08
